<?xml version="1.0" encoding="UTF-8" ?>
<!DOCTYPE log4j:configuration SYSTEM "log4j.dtd">
<log4j:configuration xmlns:log4j="http://jakarta.apache.org/log4j/">

  <appender name="PERFORMANCE" class="org.apache.log4j.FileAppender">
    <param name="Append" value="true"/>
    <param name="ImmediateFlush" value="true"/>
    <param name="Threshold" value="INFO"/>
    <param name="File" value="performance.log"/>
    <layout class="org.apache.log4j.PatternLayout">
      <param name="ConversionPattern" value="%d{ISO8601} %m%n"/>
    </layout>
  </appender>

  <category name="org.springframework">
    <level value="FATAL" />
  </category>
  
  <category name="etm-raw-data" additivity="false">
    <appender-ref ref="PERFORMANCE"/>
  </category>

  <root>
    <appender-ref ref="PERFORMANCE"/>
  </root>
</log4j:configuration>